Date,AAL,BAC,DAL,S&P500,WFC,JNJ,KO,MCD,PFE,SBUX,T,WMT,TMUS,COST,NFLX,DIS,CVX,XOM,CL,PG,PEP
2010-01-01,5.0059569999999995,13.460909,10.863926,1073.869995,21.231312,45.89426,18.183428,45.350845,12.654274,9.198994,14.211266,41.107609,9.155951,44.383762,8.892858,25.738926,48.390926,45.100105,28.58551,44.368778000000006,43.41922
2010-02-01,6.910295,14.773309,11.476853,1104.48999,20.417307,45.99648300000001,17.670601,46.382374,11.901525,9.671817,14.11145,41.599998,10.034142,47.119598,9.435715,27.210964,48.5117,45.499088,29.957729,45.943375,45.494766
2010-03-01,6.92915,15.828542,12.960317,1169.430054,23.280610999999997,47.966923,18.434809,48.879177,11.740099,10.245962,14.697299,42.777157,11.514055,46.287605,10.534286,30.407646000000003,51.367226,47.190937,30.79571,45.936111,48.182087
2010-04-01,6.665183,15.820416,10.73068,1186.689941,24.76931,47.304802,18.210958,51.714325,11.44574,10.967866,14.822426,41.501411,12.408509,45.799232,14.128572,32.088741,55.167446,47.747517,30.376711,45.13023,47.834911
2010-05-01,8.324407,13.965979999999998,12.063131,1089.410034,21.462746,42.890663,17.512501,48.989056,10.425756,10.975145,14.04559,39.118404,14.620247,45.155804,15.878572,29.10981,50.039509,42.597256,28.563391,44.694584000000006,46.125996
2010-06-01,8.117004,12.750386,10.437538,1030.709961,19.180258,43.846657,17.076393,48.661915,9.864614,10.301124,13.982006,37.407585,13.319223999999998,42.650627,15.521428,27.437429,46.397564,40.481892,28.808456,43.882492,44.703117
2010-07-01,10.228744,12.465653999999999,10.553022,1101.599976,20.776107999999997,43.126522,19.096943,51.51351500000001,10.376524,10.534279,14.993522,39.835541,14.555196,44.113018,14.65,29.344988,52.106667,42.333248,28.888926,44.745789,47.974449
2010-08-01,8.522383,11.062824,9.291633000000001,1049.329956,17.644335,42.332146,19.363768,53.973553,11.006031,9.741558,15.897083,39.018436,14.538932999999998,43.949661,17.931429,28.3433,50.65033,41.928932,27.35811,43.997192,47.434914
2010-09-01,8.720360000000001,11.631063000000001,10.339827,1141.199951,18.854149,46.433445,20.278593,55.457005,12.009961,10.887976,16.820438,41.891376,17.010877999999998,50.347355,23.165714,28.831081,55.93414300000001,44.143589,28.477034000000003,44.218407,49.10527800000001
2010-10-01,11.114922,10.174247,12.338503999999999,1183.26001,19.559681,47.767406,21.573271,57.883369,12.184833,12.170671,16.773388,42.400154,16.9133,49.004543,24.795713,31.470297,57.00383000000001,47.501328,28.573364,46.872837,48.985729
2010-11-01,10.520992999999999,9.729954,12.151961,1180.550049,20.422833999999998,46.126202,22.224129,58.277866,11.401419,13.040007,16.581249,42.337536,19.759289000000006,52.953609,29.414286,31.801287,55.878922,49.69458,28.757133000000003,45.375515,48.48312
2010-12-01,9.436843,11.853663000000001,11.192597,1257.640015,23.304825,46.749897,23.46088,57.57885400000001,12.374412,13.75006,17.529942000000002,42.21230300000001,20.539904,56.556442,25.1,32.672321000000004,63.512241,52.566803,30.192173,47.79771,49.008244
2011-01-01,9.351994,12.211358,10.366478,1286.119995,24.380198999999998,45.1777,22.419279,55.260983,12.87617,13.493289,16.420154999999998,44.12965,21.027786,56.266636,30.582857,34.227242,66.073601,58.001774,28.839764,46.906113,48.604057
2011-02-01,8.117004,12.70942,9.984509,1327.219971,24.25988,46.439995,22.800968,56.768719,13.59701,14.113817,17.179688,40.910641,23.418417,58.57715200000001,29.524286,38.515556,72.212517,61.488491,29.898405,47.193806,47.931404
2011-03-01,8.21128,11.855601,8.705355,1325.829956,23.881982999999998,45.189682,23.664198000000006,57.542965,14.504115,15.876129999999998,18.529608,40.965721,26.41077,57.58363000000001,33.968571000000004,37.943199,75.378349,60.800743,30.751337,46.108456,48.67963
2011-04-01,8.569519999999999,10.929589,9.220566999999999,1363.609985,21.972734,50.124332,24.415228,59.221851,14.975443,15.553879,18.838337,43.575069,27.370275,63.528877,33.238571,37.952,76.745834,63.583172,32.118320000000004,48.578564,52.463909
2011-05-01,8.578948,10.457871,8.954077999999997,1345.199951,21.414171,51.321743,24.179979,61.664516000000006,15.318229999999998,15.807387,19.37608,43.765282,29.110392,64.777649,38.685715,36.657589,73.56910699999997,60.323784,33.811802,50.566345,54.162197
2011-06-01,8.399828,9.754747,8.145723,1320.640015,21.266657000000002,51.174507,24.353712,64.24234799999999,14.853623,17.028074,19.283981,42.395412,27.98826,63.990543,37.527142,34.376938,72.675156,59.146904000000006,33.765446000000004,47.97765,53.636703
2011-07-01,5.882706,8.649567,7.008699000000001,1292.280029,21.175714000000006,49.84359,24.973291,65.888008,13.880209,17.286797,17.964002999999995,42.052357,26.475822,61.635399,37.998573,34.007111,73.50904799999998,57.99131,32.594986,46.407833,49.126072
2011-08-01,5.269925,7.2777509999999985,6.688910000000001,1218.890015,19.78117,50.620605,25.869261,68.882195,13.685523000000002,16.652939,17.726109,42.435299,18.149273,61.863827,33.572857,29.991772,69.848427,53.797665,35.213295,48.45438400000001,49.425251
2011-09-01,5.185078,5.458354,6.662261,1131.420044,18.361597,49.433872,24.808048,67.361511,12.890278,16.136566000000002,17.751005,41.705685,14.164889000000002,64.89698800000001,16.181429,26.557594,65.95587900000001,53.136005,34.708412,48.073929,47.866524
2011-10-01,5.439617,6.091597,7.568328,1253.300049,19.724253,49.977192,25.431683,71.219734,14.042241,18.330521,18.242701,45.578926,13.823371,65.781975,11.725715,30.713825,74.83168,57.130539,35.369854,48.690277,48.678471
2011-11-01,4.449739,4.85187,7.213007000000001,1246.959961,19.686195,50.233318,25.025942,73.2677,14.632803,18.815176,18.31551,47.33071500000001,13.628218,67.40184,9.218572,31.567965,73.24314100000002,58.8498,36.271362,49.532154,49.490433
2011-12-01,4.779699,4.968678,7.186358,1257.599976,21.08247,51.373203,26.427061,77.536049,15.936277,19.987852,19.11183,48.021786,14.116101,66.02555799999999,9.898571,33.020885,76.39254,62.37978,36.624157,51.173775,51.726105
2012-01-01,7.956736999999999,6.371705,9.371580999999999,1312.410034,22.344667,51.631725,25.505503,76.546867,15.759528,20.817602,18.587271,49.615608,14.376306,65.193512,17.171429,34.828869,74.03756700000002,61.629116,35.962151,48.35849,51.195992
2012-02-01,6.985714,7.122367,8.714236999999999,1365.680054,23.935799,50.981533,26.385517,76.72461700000002,15.560698,21.095633,19.616966,47.772011,16.750673000000006,68.196838,15.818571,37.595486,78.345428,63.660336,37.419785,52.286102,49.06768
2012-03-01,7.155407,8.562746,8.811948,1408.469971,26.223688,52.127304,27.952932,76.34520699999999,16.853331,24.365683,20.027384,49.486244,14.669038,72.157761,16.434286,39.198147,77.564064,64.178986,39.267075,51.969078,52.15026500000001
2012-04-01,9.672527,7.256415,9.735783,1397.910034,25.746311,51.447647,29.250719,75.839333,17.039343,25.010899,21.10475,47.952972,11.871837,70.075676,11.448571,38.598274,77.09380300000002,63.890396,39.732925,49.208645,51.87516
2012-05-01,12.463041,6.576405,10.748446000000001,1310.329956,24.690884,49.337582,28.641329,69.527817,16.272942999999998,23.929726,22.222492000000006,53.577747,10.408185,68.653198,9.062857,40.92615900000001,71.125076,58.185116,39.980862,48.572205,53.32924300000001
2012-06-01,12.566745,7.328897,9.7269,1362.160034,25.929047,53.911522,29.967421,69.436836,17.283345999999998,23.316616,23.191517,57.136982,9.838988,75.745262,9.784286,43.424168,77.013863,63.75684,42.339851,47.761223,55.97221800000001
2012-07-01,10.803815,6.576296000000001,8.572109,1379.319946,26.215947999999997,55.236168000000006,31.393559000000003,70.087845,18.064857,19.800758,24.661304,60.99691800000001,14.246203,76.686104,8.121428,43.997189,79.99221800000002,64.710533,43.665764,50.326694,57.611946
2012-08-01,10.049624,7.158666,7.683806,1406.579956,26.386526,53.807789,29.062346999999995,70.18980400000001,17.929592,21.694246,24.12562,59.49719200000001,15.823694,78.033592,8.531428,44.29266,81.87559499999998,65.045822,43.752369,52.847576,57.37429
2012-09-01,9.861077,7.911266,8.136841,1440.670044,26.948809000000004,55.488491,29.474194,72.52873199999998,18.845997,22.261461,24.82358,60.807312,19.043728,80.089363,7.777143,46.808563,85.7687,68.580696,44.126881,54.554367000000006,56.059341
2012-10-01,11.48259,8.360735,8.554342,1412.160034,26.293226,57.026478,29.087784000000006,68.61573800000001,18.861168,20.149893,22.775799,61.81251500000001,16.604309,78.706024,11.32,43.979282,81.118256,68.37075,43.196762,54.459988,55.257561
2012-11-01,12.151938000000001,8.845158999999997,8.883011999999997,1416.180054,25.762531,56.148754,29.666714,68.80545,18.974926,22.770693,22.733809,59.340683,17.31987,83.095901,11.672857,44.462772,77.770218,66.09848000000001,45.159889,55.375057,56.031654
2012-12-01,12.72701,10.415036,10.544133,1426.189941,26.847755,56.945854,28.554783,70.356476,19.19129,23.641289,22.454048,56.21791500000001,16.165213,79.17343100000002,13.227143,44.579163,80.259109,65.312469,43.511673,53.836651,54.61111500000001
2013-01-01,13.462348,10.165142999999999,12.338503999999999,1498.109985,27.35832000000001,60.049053,29.334631,76.00350999999998,20.874741,24.738932,23.173435,57.95454399999999,16.311577,87.874092,23.605715,48.981926,85.4618,67.893272,44.689564,59.601742,58.588894
2013-02-01,12.661017,10.084324,12.676061,1514.680054,27.751396000000003,61.828121,30.500444,76.490059,21.12665,24.179094,24.227526,58.642197,15.937534,86.972527,26.868572,49.62738,86.946129,67.576302,48.176094,60.900383,60.937279
2013-03-01,15.998323000000001,10.947242,14.665854000000001,1569.189941,29.262369,66.760826,31.855322,80.154404,22.276775,25.199162,24.753767,61.997692,17.72644,91.354401,27.040001,51.636471,88.87215400000002,68.433327,49.691723,61.603874,64.078468
2013-04-01,15.932332,11.064084,15.225487,1597.569946,30.045546,69.790573,33.585484,82.124298,22.438864,26.920406,25.273268,64.80751,19.255144,93.351776,30.867144,57.127399,91.258102,67.582764,50.272701,61.372047,66.800049
2013-05-01,16.563971,12.27745,15.998306,1630.73999,32.078648,68.930763,31.728886,77.645821,21.018591,27.938107,23.88958,62.406002,17.425579,94.384903,32.32143,57.345581,91.811623,68.70671800000001,49.267448,61.814522,65.423058
2013-06-01,15.479814999999999,11.55842,16.620117,1606.280029,32.905308000000005,70.834946,31.824089,80.223259,21.8009,29.084536,24.169514000000003,62.486687,24.348629000000006,95.459854,30.155714,57.409218,89.22692099999998,69.090248,48.798965,61.999725,66.249268
2013-07-01,18.242046,13.132139000000002,18.858636999999998,1685.72998,34.683323,77.137962,32.020092,79.47776800000003,22.750458,31.65069,24.080751,65.380791,23.661648,101.373741,34.925713,58.772854,94.919533,71.69023100000003,50.996578,64.665283,68.14089200000001
2013-08-01,15.234701999999999,12.700397,17.526188,1632.969971,32.753811,71.288689,30.502163,76.463295,22.135616,31.308825,23.391365,61.220032,22.915779,96.582207,40.558571,55.300121,90.802788,66.650887,49.494007,63.19395400000001,65.033203
2013-09-01,17.874376,12.412571,21.015125,1681.550049,33.171177,72.05854000000002,30.262487,78.59227800000002,22.543648,34.26973,23.384447,62.418869,25.487057,99.689819,44.172855,58.62739200000001,92.366318,66.24916800000001,50.804829,61.327908,64.845589
2013-10-01,20.712025,12.574306,23.500601,1756.540039,34.271,76.979393,31.842548,78.84552,24.081604,36.086292,25.030071,64.773483,27.214327,102.139442,46.068573,62.354687,91.19561,69.00572199999999,55.456947,65.514351,69.078766
2013-11-01,22.135571,14.239474,25.816809,1805.810059,35.338707,78.68338,32.34148,79.539856,24.897665,36.268841,24.672091,68.368736,25.526314000000006,108.570755,52.257141,64.127411,93.08094,71.977837,56.686165,68.863403,69.382698
2013-12-01,23.80422,14.014454,24.52673900000001,1848.359985,36.704861,76.66301700000002,33.475636,79.921341,24.2206,35.01437,24.63706,66.410774,33.014423,103.283821,52.59571500000001,69.454697,95.756035,78.452309,56.16935,66.565781,68.13401800000001
2014-01-01,31.62897700000001,15.086271,27.330305,1782.589966,36.656353,74.051529,30.647501,77.56562,24.038727,31.767084000000004,23.34774,63.393394,30.001514,97.504372,58.47571600000001,66.824158,85.57558399999998,71.444305,52.741135,62.649193,66.46508
2014-02-01,34.815437,14.888124,29.651721999999996,1859.449951,37.52950300000001,77.10664399999997,30.955431,78.372833,25.390905,31.69562,22.672159,63.410374,29.932817,101.357323,63.66143,74.37075,88.412018,74.63044000000002,54.405041,64.803352,66.225266
2014-03-01,34.504337,15.491574,30.997590999999996,1872.339966,40.484932,82.812508,31.328194,81.432899,25.610605,32.900589000000004,24.901735,64.878906,32.415768,97.176262,50.290001,73.68972,91.966133,76.259834,56.171497,66.401611,69.062157
2014-04-01,33.061943,13.644342000000002,32.947811,1883.949951,40.403542,85.39224200000002,33.316135,84.21572900000002,24.940838,31.663116,25.349079,68.099731,28.745319,100.656799,46.00571400000001,73.017899,97.078377,79.952606,58.27565,68.008095,71.541527
2014-05-01,37.860493,13.644342000000002,35.703136,1923.569946,41.331425,85.53555300000002,33.414158,84.25725600000001,23.625221,32.837814,25.516491,65.587952,33.691596999999994,100.952621,59.689999,77.315765,94.966965,78.484863,59.547245,67.089584,73.573898
2014-06-01,40.500164,13.851619,34.693813,1960.22998,43.087433000000004,88.814255,34.59848,84.358604,23.876028,34.821686,25.437359,64.53265400000001,32.994797,100.511162,62.942856000000006,78.907913,101.830505,79.135628,59.35571700000001,65.262642,74.415176
2014-07-01,36.6255,13.752317999999999,33.564827,1930.6700440000002,41.726601,84.96865799999998,32.332333,79.18354000000002,23.087666,34.956684,25.602816,63.251801,32.327442,102.588387,60.388573,79.03675799999998,100.808685,77.76795200000002,55.194378,64.208015,73.931236
2014-08-01,36.746696,14.509823,35.464386,2003.369995,42.169273,88.058716,34.33202,78.480148,23.851324,35.015190000000004,25.474937,64.902298,29.520628,105.998444,68.23428299999999,82.71800999999998,100.972504,78.176704,56.644978,69.567131,77.615196
2014-09-01,33.533257,15.375542999999999,32.471718,1972.290039,42.819140999999995,91.098694,35.105553,80.77317,23.997402,34.07193,25.678972,66.169197,28.33313,109.71032,64.454285,81.935745,93.862038,74.439339,57.073776,70.094475,78.118713
2014-10-01,39.081173,15.522445999999999,36.136565999999995,2018.050049,43.826244,92.115746,34.714764,79.853065,24.305794,34.117081,25.387495,65.996147,28.647179,116.75763700000002,56.110001,84.09850300000002,94.35762,76.54469300000002,58.52644,73.049255,81.279045
2014-11-01,45.982341999999996,15.413895000000002,41.921291,2067.560059,44.973713000000004,92.517426,37.160042,82.47708100000001,25.279648,36.668186,26.121086,75.748024,28.647179,124.41777,49.512856,85.138458,85.64164,71.661209,61.240223,76.274521,84.600502
2014-12-01,50.814617,16.182779,44.279037,2058.899902,45.553688,89.954338,35.238491,80.533211,25.498587,37.200497,24.79952,74.31163000000002,26.439020000000006,124.416084,48.80143,86.684593,89.063774,73.701263,60.888226,76.831215,79.91835
2015-01-01,46.50346,13.744326000000001,42.586739,1994.9899899999998,43.143871000000004,86.143509,34.362114,79.450264,25.580448,39.685055,24.304863,73.94368,29.618769,125.504517,63.114285,84.77594,81.402283,69.691322,59.41859399999999,71.09563399999998,79.77963299999998
2015-02-01,45.385414000000004,14.34309,40.075287,2104.5,45.528751,88.182259,36.1399,85.002525,28.093468,42.387253,25.877657,73.030052,32.415768,128.98898300000002,67.844284,97.003952,84.697128,70.584198,62.6497,72.314552,84.203331
2015-03-01,50.11055800000001,13.962057000000001,40.552890999999995,2067.889893,45.50264,87.144989,33.844646000000004,84.475479,28.729429,43.092564,24.447504,71.568214,31.100687,137.709122,59.52714200000001,97.758888,84.166306,68.27215600000001,61.340435,69.604774,81.34494000000002
2015-04-01,45.847645,14.497145999999999,40.264259,2085.51001,46.08815,85.932236,34.133892,83.703888,28.019238,45.12207,25.937561,68.32159399999999,33.406986,130.02830500000002,79.5,101.328491,89.040848,70.17574300000001,59.518097,67.540581,81.46183
2015-05-01,40.309525,15.015875,38.71286,2107.389893,46.807491,86.74652900000002,34.470516,83.166382,28.696386,47.288055,26.23452,65.012718,38.156982,129.964737,89.15142800000002,102.866318,82.578857,68.432793,59.414425,67.12471,82.58374
2015-06-01,37.99769600000001,15.489101999999999,37.129337,2063.110107,47.360439,85.04061899999998,33.014606,83.137062,27.918026,48.954056,26.978874,62.480904,38.049026,123.101463,93.848572,106.380013,78.114204,67.379097,58.186813,66.996277,79.93744699999998
2015-07-01,38.149914,16.320553,40.075825,2103.840088,48.733082,87.440178,34.856716,87.32584399999998,30.024578,52.889011,26.386435,63.40584200000001,39.903881,132.434784,114.309998,111.841606,71.64451600000002,64.14785,60.50859499999999,65.677582,83.12361899999998
2015-08-01,37.084381,15.006145000000002,39.569679,1972.180054,45.499367,82.00406600000002,33.363338,85.113396,27.693218,51.081318,25.7372,57.019432,38.873405,127.649628,115.029999,95.505775,65.57965899999999,60.93275500000001,56.188858,61.009575,80.751114
2015-09-01,37.027863,14.221155,40.67332800000001,1920.030029,43.524792,82.077461,34.042152,86.921875,26.357233,52.036949,25.075296,57.50634399999999,39.069687,132.131714,103.260002,95.805756,64.675926,60.775364,56.77034,62.105988,81.355034
2015-10-01,44.074883,15.365807,46.084946,2079.360107,45.889621999999996,88.830063,36.245644,99.02549,28.379551,57.282753,25.791077,50.765938,37.18539000000001,144.515884,108.379997,106.623749,74.51505999999998,67.63353000000001,59.355675,65.939049,88.84581
2015-11-01,39.345081,15.961023999999998,42.114609,2080.409912,46.703323,89.01469399999998,36.476734,100.710472,27.498455,56.202457,26.285101,52.184975,34.839836,147.531982,123.330002,106.370651,74.87583199999997,66.750732,59.09115600000001,65.190147,87.080887
2015-12-01,40.471588,15.411591,46.07093,2043.939941,46.392815,90.981773,37.049694,105.03871200000002,27.305914,55.135326,26.862793,54.366734,39.119999,147.986633,114.379997,98.505562,74.661575,64.273537,59.936863,69.17092099999999,86.872238
2016-01-01,37.260632,12.984755999999999,40.254124,1940.2399899999998,42.868118,92.505219,37.015194,110.053276,25.791739,55.814987,28.150904,59.347401,40.150002,138.475143,91.839996,90.400734,71.765068,64.191086,60.75558100000001,71.156937,86.937965
2016-02-01,39.181469,11.497110000000001,43.844189,1932.22998,40.043246999999994,93.187225,37.196304,104.194092,25.098099,53.46371800000001,29.251614,59.329506,37.099998,137.476395,93.410004,90.117691,69.250351,66.08755500000001,59.416721,70.54692800000002,85.642204
2016-03-01,39.297958,12.415409,44.384418,2059.73999,41.591609999999996,96.530067,40.007797,112.58911100000002,25.324789000000006,55.011425,31.009079,61.252312,38.299999,144.786102,102.230003,93.693352,80.180717,69.549576,63.951717,72.3218,89.72206899999998
2016-04-01,33.241791,13.421319,37.992989,2065.300049,42.98487100000001,99.9916,38.937859,113.314735,27.947832,51.813946,30.732004,60.246235,39.279999,136.10333300000002,90.029999,97.419945,85.879097,73.551651,64.19612099999999,70.397552,90.786407
2016-05-01,30.577856,13.633329999999999,39.625038,2096.949951,43.621303999999995,100.535805,38.76403,109.346169,29.648117,50.579185,31.377563,63.768936,42.759998,137.095642,102.57,93.608437,84.887352,74.067513,64.083237,71.788765,89.208069
2016-06-01,27.206568,12.232204,33.322384,2098.860107,41.01749,108.98983,39.398518,107.805328,30.353277,52.81821400000001,34.631527,66.268715,43.27,144.71669,91.480003,92.287613,89.037712,78.650192,66.622551,75.004372,93.414063
2016-07-01,34.116333000000004,13.4021,35.44447299999999,2173.600098,41.572144,112.520973,38.211761,106.170219,31.801544,53.678169,34.695644,66.22333499999999,46.34,154.097839,91.25,90.523369,87.041733,74.631264,67.74202,75.819366,96.761909
2016-08-01,34.885143,14.928220000000001,33.615082,2170.949951,44.024696,107.228706,38.036602,104.374413,29.999828000000004,51.995243,33.130959000000004,64.834808,46.34,149.37039199999995,97.449997,89.765015,85.427963,73.112617,68.015877,77.948631,94.834145
2016-09-01,35.288368,14.542376,36.199764,2168.27002,38.682442,106.849602,37.064442,104.912727,29.440817,50.236988,32.912136,65.899979,46.720001,140.919937,98.550003,88.244537,88.336525,73.854568,67.83287800000001,80.127022,97.312119
2016-10-01,39.134322999999995,15.332217000000002,38.416256,2126.149902,40.193745,104.913948,37.437908,102.375381,27.563284000000003,49.244129,29.816240000000004,63.98109399999999,49.73,136.632553,124.870003,88.082977,89.907211,70.50367,65.289383,77.493324,95.907524
2016-11-01,44.7635,19.625239999999998,44.311588,2198.810059,46.23024,100.671822,35.627808,108.46862,27.937052,53.790882,31.688675,64.355736,54.209999,138.702332,117.0,94.193405,95.752243,73.871475,60.007263,74.186615,89.555428
2016-12-01,45.118092,21.535412,45.448677,2238.830078,48.544498,104.928543,37.398228,111.557556,27.829407,51.756142,33.124222,63.15871800000001,57.509998,148.39768999999995,123.800003,99.039902,102.033577,77.05246700000002,60.200451,75.64407299999998,94.300735
2017-01-01,42.760242,21.115707,43.646992,2278.8701170000004,49.619156,103.143471,37.015347,112.336578,27.855742,51.476482,34.584377,61.420444,62.27,151.956802,140.71000700000002,105.960678,96.528801,71.614571,59.409313,78.810913,93.534645
2017-02-01,44.799213,23.018364000000002,46.132385,2363.639893,50.984505,111.303864,37.36261,116.992455,29.953915,53.01461800000001,34.679291,65.276482,62.529999,164.21903999999995,142.130005,105.424408,97.525711,69.42063900000001,67.524826,82.581604,99.483078
2017-03-01,40.966808,22.001751000000002,42.632919,2362.719971,49.361973,114.18563799999998,37.790012,119.663155,30.338907,54.676838,34.480121999999994,66.334839,64.589996,155.841858,147.809998,108.584564,93.969482,70.649849,67.719139,81.47532700000002,100.816986
2017-04-01,41.27673,21.834934,42.150566,2384.199951,47.747906,113.195511,38.761356,129.191147,30.081717,56.240658,32.886818,69.696487,67.269997,164.97731000000005,152.199997,110.700897,93.383102,70.339722,66.65509,79.19019300000002,102.798065
2017-05-01,46.884246999999995,20.964904999999998,45.573440999999995,2411.800049,45.35342,117.577744,40.84539,139.31002800000002,28.955429,59.564899,32.355934000000005,72.86702,67.41999799999999,167.681686,163.070007,103.365532,90.564995,69.34903,71.03421800000002,80.490646,106.055885
2017-06-01,48.838978000000004,22.770153,50.054443,2423.409912,49.485039,122.085823,40.288448,141.405838,30.077398,54.826859,31.684122,70.629517,60.619999,155.086182,149.410004,101.747154,92.237732,70.203911,68.959755,79.63176,105.523384
2017-07-01,48.955448,22.638756,45.974838,2470.300049,48.172226,122.482674,41.516636,144.13176,29.692369,50.755501,32.750609999999995,74.651878,61.66,153.70921299999995,181.660004,105.271187,96.534447,69.603882,67.16436800000001,82.985153,106.546745
2017-08-01,43.42321,22.42287300000001,43.953655,2471.649902,45.609116,122.15963700000002,41.25399,148.619034,30.372887,51.582939,31.86701,72.860023,64.709999,151.99281299999996,174.71000700000005,97.632111,95.1464,66.377617,67.014549,84.97112299999998,105.742683
2017-09-01,46.185772,23.905485000000002,45.203083,2519.360107,49.610611,120.74491100000002,40.764915,146.426086,32.279007,50.72961,33.321693,73.384056,61.66,159.82351699999995,181.350006,95.094833,104.925018,71.981941,68.146408,83.783165,102.526245
2017-10-01,45.534168,25.839432000000002,46.899840999999995,2575.26001,50.501175,129.475037,41.974789,155.986572,31.700329,51.796913,28.625870000000006,81.995926,59.77,156.700775,196.429993,94.361626,103.487312,73.18486,65.901382,79.51018499999998,101.422127
2017-11-01,49.103378,26.575275,49.609024,2584.840088,50.798031,129.400757,41.783085,160.715454,32.785339,54.611546,31.336899,91.312157,61.07,179.416,195.509995,101.124474,106.255554,73.13217900000002,68.144936,83.492111,107.209541
2017-12-01,50.711876000000004,27.967525,52.822926,2673.610107,54.95748100000001,130.557571,42.226883,161.81454499999995,33.048428,54.530548,33.490341,92.739639,63.509998,181.597305,191.960007,103.719643,112.838524,74.119148,70.96666,85.245621,111.103325
2018-01-01,52.943863,30.317099,53.549236,2823.810059,59.586338,129.12793,43.800732,160.89325,33.796623,53.941849,32.258571999999994,101.166855,65.099998,190.134689,270.299988,105.68211399999998,112.98275,77.36254100000002,69.828568,80.105644,111.455406
2018-02-01,52.875637,30.41184,50.84206,2713.830078,52.910270999999995,121.362869,39.778679,148.295547,33.130547,54.217209,31.682135,85.422409,60.610001,186.261124,291.380005,100.323616,100.877747,67.11842299999999,65.208275,73.405357,101.662521
2018-03-01,50.741039,28.412806,51.998771999999995,2640.8701170000004,47.758369,120.513107,39.971962,147.94703700000005,32.682343,55.265461,31.114826,84.435425,61.040001,184.34314,295.350006,97.678398,103.811829,66.793144,67.770462,74.11586,101.12516
2018-04-01,41.922886,28.452854,49.541615,2648.050049,47.348309,118.952019,40.120548,158.410645,33.713745,54.959972,28.540102,84.451927,60.509998,192.88382,312.459991,97.571426,113.888969,69.60417199999999,61.672256,67.627922,94.209908
2018-05-01,42.518570000000004,27.616007,51.277752,2705.27002,49.198143,112.491432,39.92556,151.381317,33.087540000000004,54.100773,28.609934000000006,78.800156,55.700001,193.940369,351.600006,96.735069,113.151627,72.728516,59.998577,69.03701,93.56591
2018-06-01,37.156174,26.917216999999997,47.278423,2718.3701170000004,50.89980300000001,114.955231,40.724072,148.24035600000005,33.735985,46.879169,28.42404,82.28439300000002,59.75,205.04361,391.429993,101.928246,116.094177,74.813118,61.634296,73.65080999999998,102.545708
2018-07-01,38.702713,29.485762,51.935638,2816.290039,52.598301,125.546967,43.681622,149.991241,37.130035,50.276352,28.300108,85.723724,60.0,214.590332,337.450012,110.43766,115.94725,73.709869,63.726498,76.31150799999998,108.319618
2018-08-01,39.62280300000001,29.533506,56.190849,2901.52002,53.690849,127.602768,41.751865,154.456528,38.608551,51.293583,28.712856,92.093185,66.040001,228.738708,367.679993,109.815689,108.775726,72.498085,63.562733,78.975082,105.503311
2018-09-01,40.560383,28.129875,55.566295999999994,2913.97998,48.608791,131.772003,43.26944,160.268356,41.328674,54.92656700000001,30.187157,90.743828,70.18,231.027847,374.130005,114.63888500000002,113.359947,77.676987,64.07958199999999,79.24168399999998,105.305504
2018-10-01,34.426765,26.385303000000004,52.58763100000001,2711.73999,49.228424,133.507721,45.234097,169.475006,40.381504,56.30843,27.580166,96.89904,68.550003,224.880341,301.7799990000001,112.570404,103.505386,72.79819499999998,56.99684499999999,84.430511,106.727371
2018-11-01,39.412163,27.248822999999998,58.33355699999999,2760.169922,50.199490000000004,140.097733,47.614838,180.597702,43.354313,64.47397600000001,28.501369,94.357727,68.449997,227.486893,286.130005,113.217415,110.26358799999998,72.63374300000002,61.201111,90.776466,115.806511
2018-12-01,31.599045,23.641232000000002,48.247982,2506.850098,42.960701,123.858055,45.087116,171.166,41.250687,62.566204000000006,26.038063,90.009438,63.610001,200.845337,267.660004,107.49233999999998,101.839668,62.932121,57.347137,88.288788,104.922935
2019-01-01,35.200806,27.468643,47.793545,2704.100098,45.599129,127.725929,45.82983400000001,172.332367,40.116646,66.19970699999999,27.424812,93.104393,69.620003,211.611755,339.5,110.173546,107.325279,67.629639,62.318764,92.659035,107.852425
2019-02-01,35.063038,28.057190000000002,47.938583,2784.48999,46.934441,131.142685,43.173176,177.209885,41.324966,68.259346,28.862473,96.174522,72.209999,215.663971,358.100006,111.477608,111.940331,72.936279,63.893799,95.405746,110.695419
2019-03-01,31.339823,26.755503000000004,50.28907,2834.399902,45.457451,135.055756,44.620537,184.216766,40.486073,72.60009000000002,29.085062,94.756042,69.099998,239.379715,356.559998,109.689461,116.469475,75.39769,66.483688,100.73027,118.26123
2019-04-01,33.727802000000004,29.655065999999998,56.754112,2945.830078,45.542122,136.418015,47.123215,191.657211,38.71295900000001,75.861923,28.714079,100.452637,72.989998,242.731079,370.540009,135.316269,113.519432,74.912453,70.606186,103.082748,123.568748
2019-05-01,26.869754999999998,25.795446,50.143024,2752.060059,41.741455,126.708397,47.190449,192.336258,39.580452,74.279823,28.815361,99.085136,73.440002,236.848907,343.2799990000001,130.445786,107.647743,66.038292,67.95452900000001,100.329865,123.5205
2019-06-01,32.271446000000005,28.122856,55.588467,2941.76001,44.947037,135.483795,48.909779,202.624939,41.66262800000001,82.247772,31.576281,108.49836,74.139999,261.953094,367.320007,137.954025,118.818474,72.326134,69.95548199999999,106.900871,126.54097
2019-07-01,30.193246999999996,29.912806,59.790661,2980.3798829999996,45.98238,126.670731,50.946903000000006,205.610748,37.354031,92.902794,32.085121,108.390343,79.730003,273.223846,322.98999,141.28333999999995,117.548546,70.183624,70.023811,115.080521,124.240173
2019-08-01,26.036852,26.822077,57.03965,2926.459961,44.23464600000001,124.86142,53.279835,212.684952,34.189899,94.737495,33.72752,112.200409,78.050003,292.186859,293.75,136.44253500000002,112.402039,64.633873,72.79633299999998,117.974602,132.911026
2019-09-01,26.78388,28.44056500000001,56.783333,2976.73999,48.44997,126.796684,52.69902,210.611786,34.878646999999994,87.079948,36.195385,117.114395,78.769997,286.226624,267.619995,129.543869,114.406403,67.472893,72.168015,122.046753,133.270691
2019-10-01,29.852553999999998,30.688996999999997,54.299065,3037.560059,49.593021,129.403564,53.074566,192.945541,37.24725,83.27845,36.817135,115.713135,82.660004,295.167816,287.410004,129.146255,112.033386,64.567955,67.347649,122.174316,134.260178
2019-11-01,28.541664,32.700905,56.917168000000004,3140.97998,52.311367,134.744766,52.070221,190.767914,37.39286,84.135269,36.248623,117.51899,78.550003,298.497253,314.660004,150.67726100000004,112.988373,65.103073,67.003723,120.535347,132.948608
2019-12-01,28.574403999999998,34.565609,58.079147,3230.780029,52.171978,143.947876,54.374809,195.080414,38.401119,87.020363,37.897167,117.272278,78.41999799999998,292.633057,323.570007,143.768646,117.394318,67.483917,68.011444,123.339874,133.770782
